{"name":"4917d827-65a5-40c7-aedf-c4f33c50c961","id":"/providers/Microsoft.Flow/flows/4917d827-65a5-40c7-aedf-c4f33c50c961","type":"Microsoft.Flow/flows","properties":{"apiId":"/providers/Microsoft.PowerApps/apis/shared_logicflows","displayName":"Scheduled Policy Review","definition":{"metadata":{"workflowEntityId":null,"creator":{"id":"fce4504c-20f3-4067-b07c-9752995a99f6","type":"User","tenantId":"b38ac29a-7276-4ec3-b883-ce562d04c743"},"provisioningMethod":"FromDefinition","failureAlertSubscription":true,"clientLastModifiedTime":"2020-03-16T19:58:51.0731005Z"},"$schema":"https://schema.management.azure.com/providers/Microsoft.Logic/schemas/2016-06-01/workflowdefinition.json#","contentVersion":"1.0.0.0","parameters":{"$connections":{"defaultValue":{},"type":"Object"},"$authentication":{"defaultValue":{},"type":"SecureObject"}},"triggers":{"Recurrence":{"recurrence":{"frequency":"Day","interval":1,"startTime":"2020-03-16T13:00:00.000Z"},"type":"Recurrence"}},"actions":{"Get_files_(properties_only)":{"runAfter":{},"metadata":{"flowSystemMetadata":{"swaggerOperationId":"GetFileItems"}},"type":"ApiConnection","inputs":{"host":{"connection":{"name":"@parameters('$connections')['shared_sharepointonline']['connectionId']"},"api":{"runtimeUrl":"https://unitedstates-002.azure-apim.net/apim/sharepointonline"}},"method":"get","path":"/datasets/@{encodeURIComponent(encodeURIComponent('https://onlcbi20.sharepoint.com/sites/Dan-HumanResources'))}/tables/@{encodeURIComponent(encodeURIComponent('ac9a6603-3c0c-4c93-9b1d-161520b413d5'))}/getfileitems","authentication":"@parameters('$authentication')"}},"Apply_to_each":{"foreach":"@body('Get_files_(properties_only)')?['value']","actions":{"Condition":{"actions":{"Send_email_with_options":{"runAfter":{"Update_file_properties":["Succeeded"]},"metadata":{"flowSystemMetadata":{"swaggerOperationId":"SendMailWithOptions"}},"type":"ApiConnectionWebhook","inputs":{"host":{"connection":{"name":"@parameters('$connections')['shared_office365']['connectionId']"},"api":{"runtimeUrl":"https://unitedstates-002.azure-apim.net/apim/office365"}},"body":{"NotificationUrl":"@{listCallbackUrl()}","Message":{"To":"@items('Apply_to_each')?['Owner']?['Email']","Subject":"The policy named @{items('Apply_to_each')?['{Name}']} requires a review","Options":"Policy Review Completed, Defer Policy Review for 1 Month","HeaderText":"Dear @{items('Apply_to_each')?['Owner']?['DisplayName']}","Body":"As the owner of the policy named @{items('Apply_to_each')?['{Name}']}, we would like to notify you that the document has not been reviewed for six months. Upon completing your review, please return to this email and select the choice 'Policy Review Completed', otherwise choose 'Defer Policy Review for 1 Month' to delay the review.","Importance":"Normal"}},"path":"/mailwithoptions/$subscriptions","authentication":"@parameters('$authentication')"}},"Update_file_properties":{"runAfter":{},"metadata":{"flowSystemMetadata":{"swaggerOperationId":"PatchFileItem"}},"type":"ApiConnection","inputs":{"host":{"connection":{"name":"@parameters('$connections')['shared_sharepointonline']['connectionId']"},"api":{"runtimeUrl":"https://unitedstates-002.azure-apim.net/apim/sharepointonline"}},"method":"patch","body":{"Status":{"Value":"Overdue"}},"path":"/datasets/@{encodeURIComponent(encodeURIComponent('https://onlcbi20.sharepoint.com/sites/Dan-HumanResources'))}/tables/@{encodeURIComponent(encodeURIComponent('ac9a6603-3c0c-4c93-9b1d-161520b413d5'))}/items/@{encodeURIComponent(items('Apply_to_each')?['ID'])}/patchfileitem","authentication":"@parameters('$authentication')"}},"Condition_2":{"actions":{"Update_file_properties_2":{"runAfter":{},"metadata":{"flowSystemMetadata":{"swaggerOperationId":"PatchFileItem"}},"type":"ApiConnection","inputs":{"host":{"connection":{"name":"@parameters('$connections')['shared_sharepointonline']['connectionId']"},"api":{"runtimeUrl":"https://unitedstates-002.azure-apim.net/apim/sharepointonline"}},"method":"patch","body":{"Reviewed":"@{utcNow()}","Status":{"Value":"Reviewed"}},"path":"/datasets/@{encodeURIComponent(encodeURIComponent('https://onlcbi20.sharepoint.com/sites/Dan-HumanResources'))}/tables/@{encodeURIComponent(encodeURIComponent('ac9a6603-3c0c-4c93-9b1d-161520b413d5'))}/items/@{encodeURIComponent(items('Apply_to_each')?['ID'])}/patchfileitem","authentication":"@parameters('$authentication')"}}},"runAfter":{"Send_email_with_options":["Succeeded"]},"else":{"actions":{"Update_file_properties_3":{"runAfter":{},"metadata":{"flowSystemMetadata":{"swaggerOperationId":"PatchFileItem"}},"type":"ApiConnection","inputs":{"host":{"connection":{"name":"@parameters('$connections')['shared_sharepointonline']['connectionId']"},"api":{"runtimeUrl":"https://unitedstates-002.azure-apim.net/apim/sharepointonline"}},"method":"patch","body":{"Reviewed":"@{addDays(utcNow(),-150)}","Status":{"Value":"Due for Review"}},"path":"/datasets/@{encodeURIComponent(encodeURIComponent('https://onlcbi20.sharepoint.com/sites/Dan-HumanResources'))}/tables/@{encodeURIComponent(encodeURIComponent('ac9a6603-3c0c-4c93-9b1d-161520b413d5'))}/items/@{encodeURIComponent(items('Apply_to_each')?['ID'])}/patchfileitem","authentication":"@parameters('$authentication')"}}}},"expression":{"equals":["@body('Send_email_with_options')?['SelectedOption']","Policy Review Completed"]},"type":"If"}},"runAfter":{},"else":{"actions":{"Condition_3":{"actions":{"Update_file_properties_4":{"runAfter":{},"metadata":{"flowSystemMetadata":{"swaggerOperationId":"PatchFileItem"}},"type":"ApiConnection","inputs":{"host":{"connection":{"name":"@parameters('$connections')['shared_sharepointonline']['connectionId']"},"api":{"runtimeUrl":"https://unitedstates-002.azure-apim.net/apim/sharepointonline"}},"method":"patch","body":{"Status":{"Value":"Due for Review"}},"path":"/datasets/@{encodeURIComponent(encodeURIComponent('https://onlcbi20.sharepoint.com/sites/Dan-HumanResources'))}/tables/@{encodeURIComponent(encodeURIComponent('ac9a6603-3c0c-4c93-9b1d-161520b413d5'))}/items/@{encodeURIComponent(items('Apply_to_each')?['ID'])}/patchfileitem","authentication":"@parameters('$authentication')"}}},"runAfter":{},"expression":{"greater":["@addDays(utcNow(),-150)","@items('Apply_to_each')?['Reviewed']"]},"type":"If"}}},"expression":{"greater":["@addDays(utcNow(),-180)","@items('Apply_to_each')?['Reviewed']"]},"type":"If"}},"runAfter":{"Get_files_(properties_only)":["Succeeded"]},"type":"Foreach"}}},"connectionReferences":{"shared_sharepointonline":{"connectionName":"671a304ee8ea46a095baad2ec61e277e","source":"Embedded","id":"/providers/Microsoft.PowerApps/apis/shared_sharepointonline","tier":"NotSpecified"},"shared_office365":{"connectionName":"399b5f6c96c34669a6e324ca96d26cf8","source":"Embedded","id":"/providers/Microsoft.PowerApps/apis/shared_office365","tier":"NotSpecified"}},"flowFailureAlertSubscribed":false}}