{"name":"6763de33-304e-4ee9-b433-1b7ab1948540","id":"/providers/Microsoft.Flow/flows/6763de33-304e-4ee9-b433-1b7ab1948540","type":"Microsoft.Flow/flows","properties":{"apiId":"/providers/Microsoft.PowerApps/apis/shared_logicflows","displayName":"Bad Feedback Alert","definition":{"metadata":{"workflowEntityId":null,"creator":{"id":"fce4504c-20f3-4067-b07c-9752995a99f6","type":"User","tenantId":"b38ac29a-7276-4ec3-b883-ce562d04c743"},"provisioningMethod":"FromDefinition","failureAlertSubscription":true,"clientLastModifiedTime":"2020-03-16T03:19:16.31572Z"},"$schema":"https://schema.management.azure.com/providers/Microsoft.Logic/schemas/2016-06-01/workflowdefinition.json#","contentVersion":"1.0.0.0","parameters":{"$connections":{"defaultValue":{},"type":"Object"},"$authentication":{"defaultValue":{},"type":"SecureObject"}},"triggers":{"When_a_new_response_is_submitted":{"splitOn":"@triggerBody()?['value']","metadata":{"flowSystemMetadata":{"swaggerOperationId":"CreateFormWebhook"}},"type":"ApiConnectionWebhook","inputs":{"host":{"connection":{"name":"@parameters('$connections')['shared_microsoftforms']['connectionId']"},"api":{"runtimeUrl":"https://unitedstates-002.azure-apim.net/apim/microsoftforms"}},"body":{"eventType":"responseAdded","notificationUrl":"@{listCallbackUrl()}","source":"ms-connector"},"path":"/formapi/api/forms/@{encodeURIComponent('msKKs3Zyw064g85WLQTHQ0xQ5PzzIGdAsHyXUplamfZUM0dOR1VIRlhDOUJIVDgwQ09UTE83S1lQRy4u')}/webhooks","authentication":"@parameters('$authentication')"}}},"actions":{"Get_response_details":{"runAfter":{},"metadata":{"flowSystemMetadata":{"swaggerOperationId":"GetFormResponseById"}},"type":"ApiConnection","inputs":{"host":{"connection":{"name":"@parameters('$connections')['shared_microsoftforms']['connectionId']"},"api":{"runtimeUrl":"https://unitedstates-002.azure-apim.net/apim/microsoftforms"}},"method":"get","path":"/formapi/api/forms('@{encodeURIComponent('msKKs3Zyw064g85WLQTHQ0xQ5PzzIGdAsHyXUplamfZUM0dOR1VIRlhDOUJIVDgwQ09UTE83S1lQRy4u')}')/responses","queries":{"response_id":"@triggerBody()?['resourceData']?['responseId']"},"authentication":"@parameters('$authentication')"}},"Is_it_a_bad_rating":{"actions":{"Send_an_email_(V2)":{"runAfter":{},"metadata":{"flowSystemMetadata":{"swaggerOperationId":"SendEmailV2"}},"type":"ApiConnection","inputs":{"host":{"connection":{"name":"@parameters('$connections')['shared_office365']['connectionId']"},"api":{"runtimeUrl":"https://unitedstates-002.azure-apim.net/apim/office365"}},"method":"post","body":{"To":"dan@onlcbi20.onmicrosoft.com","Subject":"Bad Feedback Alert","Body":"<p>Office 365 Pilot Feedback regarding @{body('Get_response_details')?['rce03be0c446e4ccaa7bd8a22743a0838']}<br>\n<br>\n@{body('Get_response_details')?['rbd349763b83645b4b8470184dd1c1689']}<br>\n<br>\n@{body('Get_response_details')?['responder']}</p>"},"path":"/v2/Mail","authentication":"@parameters('$authentication')"}}},"runAfter":{"Get_response_details":["Succeeded"]},"expression":{"less":["@int(body('Get_response_details')?['rd2a02182fdf341ef9d3ae8dedbf3fa6f'])",3]},"type":"If"}}},"connectionReferences":{"shared_microsoftforms":{"connectionName":"shared-microsoftform-76f16cfd-bf34-48bf-89b3-e9ec6ee3e64b","source":"Embedded","id":"/providers/Microsoft.PowerApps/apis/shared_microsoftforms","tier":"NotSpecified"},"shared_office365":{"connectionName":"399b5f6c96c34669a6e324ca96d26cf8","source":"Embedded","id":"/providers/Microsoft.PowerApps/apis/shared_office365","tier":"NotSpecified"}},"flowFailureAlertSubscribed":false}}