{"name":"401eb7b5-34fb-42db-adfb-701230dc97e7","id":"/providers/Microsoft.Flow/flows/401eb7b5-34fb-42db-adfb-701230dc97e7","type":"Microsoft.Flow/flows","properties":{"apiId":"/providers/Microsoft.PowerApps/apis/shared_logicflows","displayName":"Log Absences","definition":{"metadata":{"workflowEntityId":null,"creator":{"id":"fce4504c-20f3-4067-b07c-9752995a99f6","type":"User","tenantId":"b38ac29a-7276-4ec3-b883-ce562d04c743"},"provisioningMethod":"FromDefinition","failureAlertSubscription":true,"clientLastModifiedTime":"2020-03-16T01:58:56.8504931Z"},"$schema":"https://schema.management.azure.com/providers/Microsoft.Logic/schemas/2016-06-01/workflowdefinition.json#","contentVersion":"1.0.0.0","parameters":{"$connections":{"defaultValue":{},"type":"Object"},"$authentication":{"defaultValue":{},"type":"SecureObject"}},"triggers":{"When_a_new_channel_message_is_added":{"recurrence":{"frequency":"Minute","interval":3},"splitOn":"@triggerBody()","metadata":{"flowSystemMetadata":{"swaggerOperationId":"OnNewChannelMessage"}},"type":"ApiConnection","inputs":{"host":{"connection":{"name":"@parameters('$connections')['shared_teams']['connectionId']"},"api":{"runtimeUrl":"https://unitedstates-002.azure-apim.net/apim/teams"}},"method":"get","path":"/trigger/beta/teams/@{encodeURIComponent('e307239a-194b-42ce-99f1-c07994da616e')}/channels/@{encodeURIComponent('19:56003dd9d6ec440f80e6e79ed469cb5c@thread.tacv2')}/messages","queries":{"$top":50},"authentication":"@parameters('$authentication')"}}},"actions":{"Send_an_email_(V2)":{"runAfter":{},"metadata":{"flowSystemMetadata":{"swaggerOperationId":"SendEmailV2"}},"type":"ApiConnection","inputs":{"host":{"connection":{"name":"@parameters('$connections')['shared_office365']['connectionId']"},"api":{"runtimeUrl":"https://unitedstates-002.azure-apim.net/apim/office365"}},"method":"post","body":{"To":"dan@onlcbi20.onmicrosoft.com","Subject":"@triggerBody()?['from']?['user']?['displayName']","Body":"<p>@{triggerBody()?['from']?['user']?['displayName']} has reported that they will be taking today off due to the following reasons:<br>\n@{triggerBody()?['body']?['content']}<br>\n<br>\nThis message was submitted at @{triggerBody()?['createdDateTime']}</p>"},"path":"/v2/Mail","authentication":"@parameters('$authentication')"},"description":"Notify HR about a new absence"},"Create_event_(V4)":{"runAfter":{"Send_an_email_(V2)":["Succeeded"]},"metadata":{"flowSystemMetadata":{"swaggerOperationId":"V4CalendarPostItem"}},"type":"ApiConnection","inputs":{"host":{"connection":{"name":"@parameters('$connections')['shared_office365']['connectionId']"},"api":{"runtimeUrl":"https://unitedstates-002.azure-apim.net/apim/office365"}},"method":"post","body":{"subject":"Absence from work","start":"@triggerBody()?['createdDateTime']","end":"@triggerBody()?['createdDateTime']","timeZone":"(UTC-05:00) Eastern Time (US & Canada)","isAllDay":true},"path":"/datasets/calendars/v4/tables/@{encodeURIComponent(encodeURIComponent('AAMkADZkMTZmNmFiLWJmMDEtNDY3Yy1iZjRkLWU0ZDFjMGM3N2FhZABGAAAAAABj9XVf7xksSqXMUGYSv9jXBwCoCj6bMWn9SZQyJQJbfjnrAAAAAAEGAACoCj6bMWn9SZQyJQJbfjnrAAAAAES-AAA='))}/items","authentication":"@parameters('$authentication')"},"description":"Block out absentees' calendar"}}},"connectionReferences":{"shared_office365":{"connectionName":"399b5f6c96c34669a6e324ca96d26cf8","source":"Embedded","id":"/providers/Microsoft.PowerApps/apis/shared_office365","tier":"NotSpecified"},"shared_teams":{"connectionName":"shared-teams-82b01ef2-5ea6-4ae5-941d-bd91d7ccd179","source":"Embedded","id":"/providers/Microsoft.PowerApps/apis/shared_teams","tier":"NotSpecified"}},"flowFailureAlertSubscribed":false}}