{"name":"fe251ed6-00a8-4e5f-9ef7-b0498fd82de6","id":"/providers/Microsoft.Flow/flows/fe251ed6-00a8-4e5f-9ef7-b0498fd82de6","type":"Microsoft.Flow/flows","properties":{"apiId":"/providers/Microsoft.PowerApps/apis/shared_logicflows","displayName":"Price check in product database ","definition":{"metadata":{"workflowEntityId":null,"creator":{"id":"fce4504c-20f3-4067-b07c-9752995a99f6","type":"User","tenantId":"b38ac29a-7276-4ec3-b883-ce562d04c743"},"provisioningMethod":"FromDefinition","failureAlertSubscription":true,"clientLastModifiedTime":"2020-03-16T21:08:56.5545244Z"},"$schema":"https://schema.management.azure.com/providers/Microsoft.Logic/schemas/2016-06-01/workflowdefinition.json#","contentVersion":"1.0.0.0","parameters":{"$connections":{"defaultValue":{},"type":"Object"},"$authentication":{"defaultValue":{},"type":"SecureObject"},"sharepoint.site":{"defaultValue":"","type":"String"},"sharepoint.list":{"defaultValue":"","type":"String"}},"triggers":{"When_a_new_item_is_created":{"recurrence":{"frequency":"Minute","interval":3},"splitOn":"@triggerBody()?.value","metadata":{"flowSystemMetadata":{"swaggerOperationId":"GetOnNewItems"}},"type":"ApiConnection","inputs":{"host":{"connection":{"name":"@parameters('$connections')['shared_sharepointonline']['connectionId']"},"api":{"runtimeUrl":"https://unitedstates-002.azure-apim.net/apim/sharepointonline"}},"method":"get","path":"/datasets/@{encodeURIComponent(encodeURIComponent('https://onlcbi20.sharepoint.com/sites/Dan-HumanResources'))}/tables/@{encodeURIComponent(encodeURIComponent('86abe646-44fb-437d-9568-a6615a6e1924'))}/onnewitems","authentication":"@parameters('$authentication')"},"conditions":[]}},"actions":{"Initialize_variable":{"runAfter":{},"type":"InitializeVariable","inputs":{"variables":[{"name":"List Price from SQL","type":"float"}]}},"Execute_a_SQL_query_(V2)":{"runAfter":{"Initialize_variable":["Succeeded"]},"metadata":{"flowSystemMetadata":{"swaggerOperationId":"ExecutePassThroughNativeQuery_V2"}},"type":"ApiConnection","inputs":{"host":{"connection":{"name":"@parameters('$connections')['shared_sql_1']['connectionId']"},"api":{"runtimeUrl":"https://unitedstates-002.azure-apim.net/apim/sql"}},"method":"post","body":{"query":"SELECT [ListPrice], [Title] FROM Products "},"path":"/v2/datasets/@{encodeURIComponent(encodeURIComponent('default'))},@{encodeURIComponent(encodeURIComponent('default'))}/query/sql","authentication":"@parameters('$authentication')"}},"Filter_array":{"runAfter":{"Execute_a_SQL_query_(V2)":["Succeeded"]},"type":"Query","inputs":{"from":"@body('Execute_a_SQL_query_(V2)')?['resultsets']?['Table1']","where":"@equals(item()?['Title'], triggerBody()?['Product']?['Value'])"}},"Apply_to_each":{"foreach":"@body('Filter_array')","actions":{"Set_variable":{"runAfter":{},"type":"SetVariable","inputs":{"name":"List Price from SQL","value":"@items('Apply_to_each')?['ListPrice']"}}},"runAfter":{"Filter_array":["Succeeded"]},"type":"Foreach"},"Discount_is_larger_than_base_cost":{"actions":{"Send_an_email_to_management_":{"runAfter":{},"metadata":{"flowSystemMetadata":{"swaggerOperationId":"SendEmailV2"}},"type":"ApiConnection","inputs":{"host":{"connection":{"name":"@parameters('$connections')['shared_office365']['connectionId']"},"api":{"runtimeUrl":"https://unitedstates-002.azure-apim.net/apim/office365"}},"method":"post","body":{"To":"@triggerBody()?['Author']?['Email']","Subject":"@{triggerBody()?['Product']?['Value']} has been sold at a loss","Body":"<p>Dear @{triggerBody()?['Author']?['DisplayName']},<br>\n<br>\nWe would like to bring your attention to a recent sale that was managed by @{triggerBody()?['Author']?['DisplayName']} for @{triggerBody()?['Quantity']} @{triggerBody()?['Product']?['Value']}(s). The product was sold for $@{triggerBody()?['SellingPrice']}, while the minimum selling price is $@{variables('List Price from SQL')}.</p>"},"path":"/v2/Mail","authentication":"@parameters('$authentication')"}}},"runAfter":{"Apply_to_each":["Succeeded"]},"expression":{"less":["@triggerBody()?['SellingPrice']","@variables('List Price from SQL')"]},"type":"If"}},"description":"Send yourself or someone else a customized email whenever a new item is added to a selected SharePoint list."},"connectionReferences":{"shared_sharepointonline":{"connectionName":"671a304ee8ea46a095baad2ec61e277e","source":"Embedded","id":"/providers/Microsoft.PowerApps/apis/shared_sharepointonline","tier":"NotSpecified"},"shared_sql_1":{"connectionName":"shared-sql-bbbe6bc3-e82e-4a00-9e9d-c136e5e061bf","source":"Embedded","id":"/providers/Microsoft.PowerApps/apis/shared_sql","tier":"NotSpecified"},"shared_office365":{"connectionName":"399b5f6c96c34669a6e324ca96d26cf8","source":"Embedded","id":"/providers/Microsoft.PowerApps/apis/shared_office365","tier":"NotSpecified"}},"flowFailureAlertSubscribed":false}}