{"name":"de4b1ffb-f0ff-463e-8a02-cb6cf079993b","id":"/providers/Microsoft.Flow/flows/de4b1ffb-f0ff-463e-8a02-cb6cf079993b","type":"Microsoft.Flow/flows","properties":{"apiId":"/providers/Microsoft.PowerApps/apis/shared_logicflows","displayName":"1hr Calendar Block","definition":{"metadata":{"workflowEntityId":null,"creator":{"id":"fce4504c-20f3-4067-b07c-9752995a99f6","type":"User","tenantId":"b38ac29a-7276-4ec3-b883-ce562d04c743"},"provisioningMethod":"FromDefinition","failureAlertSubscription":true,"clientLastModifiedTime":"2020-03-16T21:30:28.6951283Z"},"$schema":"https://schema.management.azure.com/providers/Microsoft.Logic/schemas/2016-06-01/workflowdefinition.json#","contentVersion":"1.0.0.0","parameters":{"$connections":{"defaultValue":{},"type":"Object"},"$authentication":{"defaultValue":{},"type":"SecureObject"}},"triggers":{"manual":{"type":"Request","kind":"Button","inputs":{"schema":{"type":"object","properties":{},"required":[]},"headersSchema":{"x-ms-user-name-encoded":{"type":"string","title":"User name","format":"byte"},"x-ms-user-email-encoded":{"type":"string","title":"User email","format":"byte"},"x-ms-user-timestamp":{"type":"string","title":"Timestamp"}}}}},"actions":{"Create_event":{"runAfter":{},"type":"OpenApiConnection","inputs":{"host":{"apiId":"/providers/Microsoft.PowerApps/apis/shared_office365","connectionName":"shared_office365","operationId":"V2CalendarPostItem"},"parameters":{"table":"AAMkADZkMTZmNmFiLWJmMDEtNDY3Yy1iZjRkLWU0ZDFjMGM3N2FhZABGAAAAAABj9XVf7xksSqXMUGYSv9jXBwCoCj6bMWn9SZQyJQJbfjnrAAAAAAEGAACoCj6bMWn9SZQyJQJbfjnrAAAAAES-AAA=","item/Subject":"Calendar blocked from Microsoft Flow","item/Start":"@utcNow()","item/End":"@addHours(utcNow(),1)","item/ShowAs":"Busy"},"authentication":{"value":"@json(decodeBase64(triggerOutputs().headers['X-MS-APIM-Tokens']))['$ConnectionKey']","type":"Raw"}}},"Start_and_wait_for_an_approval":{"runAfter":{"Create_event":["Succeeded"]},"type":"OpenApiConnectionWebhook","inputs":{"host":{"apiId":"/providers/Microsoft.PowerApps/apis/shared_approvals","connectionName":"shared_approvals","operationId":"StartAndWaitForAnApproval"},"parameters":{"approvalType":"BasicAwaitAll","WebhookApprovalCreationInput/title":"Send me a push notification?","WebhookApprovalCreationInput/assignedTo":"dan@onlcbi20.onmicrosoft.com","WebhookApprovalCreationInput/enableNotifications":true,"WebhookApprovalCreationInput/enableReassignment":true},"authentication":{"value":"@json(decodeBase64(triggerOutputs().headers['X-MS-APIM-Tokens']))['$ConnectionKey']","type":"Raw"}}},"Condition":{"actions":{"Send_me_a_mobile_notification":{"runAfter":{},"type":"OpenApiConnection","inputs":{"host":{"apiId":"/providers/Microsoft.PowerApps/apis/shared_flowpush","connectionName":"shared_flowpush","operationId":"SendNotification"},"parameters":{"NotificationDefinition/notificationText":"You've just blocked out an hour"},"authentication":{"value":"@json(decodeBase64(triggerOutputs().headers['X-MS-APIM-Tokens']))['$ConnectionKey']","type":"Raw"}}}},"runAfter":{"Start_and_wait_for_an_approval":["Succeeded"]},"expression":"@equals(outputs('Start_and_wait_for_an_approval')?['body/responses'], 'Approved')","type":"If"}}},"connectionReferences":{"shared_office365":{"connectionName":"399b5f6c96c34669a6e324ca96d26cf8","source":"Invoker","id":"/providers/Microsoft.PowerApps/apis/shared_office365","tier":"NotSpecified"},"shared_approvals":{"connectionName":"shared-approvals-6331ce2b-43ad-416f-9d5f-b600d0d110de","source":"Invoker","id":"/providers/Microsoft.PowerApps/apis/shared_approvals","tier":"NotSpecified"},"shared_flowpush":{"connectionName":"shared-flowpush-a26225ef-50ae-4db4-987e-29a98f4e87d5","source":"Invoker","id":"/providers/Microsoft.PowerApps/apis/shared_flowpush","tier":"NotSpecified"}},"flowFailureAlertSubscribed":false}}