{"schemaVersion":"1.0","appDefinitionTemplate":{"id":"/providers/Microsoft.PowerApps/apps/","type":"Microsoft.PowerApps/apps","tags":{"primaryDeviceWidth":"1366","primaryDeviceHeight":"768","sienaVersion":"20200315T201756Z-3.20022.21.0","deviceCapabilities":"","supportsPortrait":"false","supportsLandscape":"true","primaryFormFactor":"Tablet","publisherVersion":"3.20022.21","minimumRequiredApiVersion":"2.2.0","hasComponent":"false","hasUnlockedComponent":"false"},"properties":{"appVersion":"2020-03-15T20:17:56Z","lifeCycleId":"Published","createdByClientVersion":{"major":3,"minor":20022,"build":21,"revision":0,"majorRevision":0,"minorRevision":0},"minClientVersion":{"major":3,"minor":20022,"build":21,"revision":0,"majorRevision":0,"minorRevision":0},"backgroundColor":"rgba(0, 176, 240, 1)","backgroundImageUri":"/14343844367989522223/N72f2e7dc-84b3-4f2c-a038-1208e1e459b0-logoSmallFile","displayName":"Twitter App","description":"","commitMessage":"","appUris":{"documentUri":{"value":"/14343844367989522223/N72998d4f-1a4a-455d-bf68-70faf520e9d3-document.msapp","readonlyValue":"/14343844367989522223/N72998d4f-1a4a-455d-bf68-70faf520e9d3-document.msapp"},"imageUris":[]},"createdTime":"0001-01-01T00:00:00Z","lastModifiedTime":"0001-01-01T00:00:00Z","sharedGroupsCount":0,"sharedUsersCount":0,"icons":{"smallIconUri":"/14343844367989522223/Ndb5e86cd-b15e-4f2d-ac7e-182678f573d6-small.png","mediumIconUri":"/14343844367989522223/N43c6af1d-bc83-453f-8866-3c4cd37727f7-medium.png","largeIconUri":"/14343844367989522223/N7a8cd7bc-4e43-4439-99dc-6bdabe28c0ac-large.png","wideIconUri":"/14343844367989522223/N171bc149-e15d-4985-952c-8093d40aa75d-wide.png"},"connectionReferences":{"ef862df6-9b6c-4ae0-9573-94633d4dd175":{"id":"beb7e758-7746-461d-9fac-b0a9b19f37fa","displayName":"Twitter","iconUri":"https://connectoricons-prod.azureedge.net/twitter/icon_1.0.1308.1899.png","dataSources":["Twitter"],"dependencies":[],"dependents":[],"parameterHints":{},"isOnPremiseConnection":false,"dataSets":{},"apiTier":"Standard","isCustomApiConnection":false},"d3ed7ed4-606d-4ca9-bded-5d013e6f0db3":{"id":"51ffb504-fda5-47a4-835c-cd1a321962a6","displayName":"SharePoint","iconUri":"https://connectoricons-prod.azureedge.net/sharepointonline/icon_1.0.1312.1916.png","dataSources":["TwitterIn"],"dependencies":[],"dependents":[],"parameterHints":{},"isOnPremiseConnection":false,"dataSets":{"https://onlcbi20.sharepoint.com/sites/CKDemo":{"dataSources":{"TwitterIn":{"tableName":"33f97c79-7bb7-42f8-a203-cfcc746495a0"}}}},"apiTier":"Standard","isCustomApiConnection":false}},"databaseReferences":{},"almMode":"Environment","performanceOptimizationEnabled":false,"canConsumeAppPass":true},"isAppComponentLibrary":false,"appComponents":[]}}