{"schemaVersion":"1.0","appDefinitionTemplate":{"id":"/providers/Microsoft.PowerApps/apps/","type":"Microsoft.PowerApps/apps","tags":{"sp-site-id":"https://onlcbi20.sharepoint.com/sites/CKDemo","sp-list-id":"6ce4d9af-e08a-4b95-99a6-dbb7dbc5773d","https://onlcbi20.sharepoint.com/sites/CKDemo":"6ce4d9af-e08a-4b95-99a6-dbb7dbc5773d","primaryDeviceWidth":"640","primaryDeviceHeight":"1136","sienaVersion":"20200314T221058Z-3.20022.19.0","deviceCapabilities":"","supportsPortrait":"true","supportsLandscape":"false","primaryFormFactor":"Phone","publisherVersion":"3.20022.19","minimumRequiredApiVersion":"2.2.0","hasComponent":"false","hasUnlockedComponent":"false"},"properties":{"appVersion":"2020-03-14T22:10:58Z","lifeCycleId":"Published","createdByClientVersion":{"major":3,"minor":20022,"build":19,"revision":0,"majorRevision":0,"minorRevision":0},"minClientVersion":{"major":3,"minor":20022,"build":19,"revision":0,"majorRevision":0,"minorRevision":0},"backgroundColor":"rgba(0, 176, 240, 1)","backgroundImageUri":"/18241074500140255145/N85cbb53f-adb1-461e-99b7-5a7aa13f8fa7-logoSmallFile","displayName":"Expense Claims","description":"","commitMessage":"","appUris":{"documentUri":{"value":"/18241074500140255145/N7f026036-499b-49ad-846e-b65e87c992c7-document.msapp","readonlyValue":"/18241074500140255145/N7f026036-499b-49ad-846e-b65e87c992c7-document.msapp"},"imageUris":[]},"createdTime":"0001-01-01T00:00:00Z","lastModifiedTime":"0001-01-01T00:00:00Z","sharedGroupsCount":0,"sharedUsersCount":0,"icons":{"smallIconUri":"/18241074500140255145/N4281c0e8-29c2-4176-b242-e96a1db5de33-small.png","mediumIconUri":"/18241074500140255145/N75d75f36-4919-4f7e-843a-fe4ee4dd63cf-medium.png","largeIconUri":"/18241074500140255145/N618ee7ee-fb07-4254-a835-b623bbb5e022-large.png","wideIconUri":"/18241074500140255145/N7db35b13-b473-4a23-b410-a437d0d59bc2-wide.png"},"connectionReferences":{"af7c7f45-7292-4ff1-a1b5-f8d6333908e4":{"id":"51ffb504-fda5-47a4-835c-cd1a321962a6","displayName":"SharePoint","iconUri":"https://connectoricons-prod.azureedge.net/sharepointonline/icon_1.0.1312.1916.png","dataSources":["ExpenseClaims"],"dependencies":[],"dependents":[],"parameterHints":{},"isOnPremiseConnection":false,"bypassConsent":false,"dataSets":{"https://onlcbi20.sharepoint.com/sites/CKDemo":{"dataSources":{"ExpenseClaims":{"tableName":"6ce4d9af-e08a-4b95-99a6-dbb7dbc5773d"}}}},"apiTier":"Standard","isCustomApiConnection":false}},"databaseReferences":{},"almMode":"Environment","performanceOptimizationEnabled":false,"canConsumeAppPass":true},"isAppComponentLibrary":false,"appComponents":[]}}