{"name":"de648ec6-3ac0-44a1-ba33-cafe5da0bb21","id":"/providers/Microsoft.Flow/flows/de648ec6-3ac0-44a1-ba33-cafe5da0bb21","type":"Microsoft.Flow/flows","properties":{"apiId":"/providers/Microsoft.PowerApps/apis/shared_logicflows","displayName":"Copy Microsoft Tweets to SharePoint Online","definition":{"metadata":{"workflowEntityId":null,"creator":{"id":"fce4504c-20f3-4067-b07c-9752995a99f6","type":"User","tenantId":"b38ac29a-7276-4ec3-b883-ce562d04c743"},"provisioningMethod":"FromDefinition","failureAlertSubscription":true,"clientLastModifiedTime":"2020-03-15T20:05:41.425117Z"},"$schema":"https://schema.management.azure.com/providers/Microsoft.Logic/schemas/2016-06-01/workflowdefinition.json#","contentVersion":"1.0.0.0","parameters":{"$connections":{"defaultValue":{},"type":"Object"},"$authentication":{"defaultValue":{},"type":"SecureObject"},"sharepoint.site":{"defaultValue":"","type":"String"},"sharepoint.list":{"defaultValue":"","type":"String"}},"triggers":{"When_a_new_tweet_appears":{"recurrence":{"frequency":"Minute","interval":3},"splitOn":"@triggerBody()?.value","metadata":{"flowSystemMetadata":{"swaggerOperationId":"OnNewTweet"}},"type":"ApiConnection","inputs":{"host":{"api":{"runtimeUrl":"https://unitedstates-002.azure-apim.net/apim/twitter"},"connection":{"name":"@parameters('$connections')['shared_twitter']['connectionId']"}},"method":"get","path":"/onnewtweet","queries":{"searchQuery":"#Microsoft"},"authentication":"@parameters('$authentication')"},"conditions":[]}},"actions":{"Create_item":{"runAfter":{},"metadata":{"flowSystemMetadata":{"swaggerOperationId":"PostItem"}},"type":"ApiConnection","inputs":{"host":{"api":{"runtimeUrl":"https://unitedstates-002.azure-apim.net/apim/sharepointonline"},"connection":{"name":"@parameters('$connections')['shared_sharepointonline']['connectionId']"}},"method":"post","body":{"Title":"@triggerBody()?['UserDetails']?['UserName']","MessageDate":"@{utcNow()}","Language":"@triggerBody()?['TweetLanguageCode']","Message":"@triggerBody()?['TweetText']"},"path":"/datasets/@{encodeURIComponent(encodeURIComponent('https://onlcbi20.sharepoint.com/sites/CKDemo'))}/tables/@{encodeURIComponent(encodeURIComponent('33f97c79-7bb7-42f8-a203-cfcc746495a0'))}/items","authentication":"@parameters('$authentication')"}}},"description":"Use this template to track all the tweets about your business and archive the important ones to a SharePoint list."},"connectionReferences":{"shared_sharepointonline":{"connectionName":"671a304ee8ea46a095baad2ec61e277e","source":"Embedded","id":"/providers/Microsoft.PowerApps/apis/shared_sharepointonline","tier":"NotSpecified"},"shared_twitter":{"connectionName":"shared-twitter-363089cd-641d-4e7c-8db3-7305a38d1b6d","source":"Embedded","id":"/providers/Microsoft.PowerApps/apis/shared_twitter","tier":"NotSpecified"}},"flowFailureAlertSubscribed":false}}