{"schemaVersion":"1.0","appDefinitionTemplate":{"id":"/providers/Microsoft.PowerApps/apps/","type":"Microsoft.PowerApps/apps","tags":{"primaryDeviceWidth":"1366","primaryDeviceHeight":"768","sienaVersion":"20200315T192508Z-3.20022.21.0","deviceCapabilities":"","supportsPortrait":"false","supportsLandscape":"true","primaryFormFactor":"Tablet","publisherVersion":"3.20022.21","minimumRequiredApiVersion":"2.2.0","hasComponent":"false","hasUnlockedComponent":"false"},"properties":{"appVersion":"2020-03-15T19:25:08Z","lifeCycleId":"Published","createdByClientVersion":{"major":3,"minor":20022,"build":21,"revision":0,"majorRevision":0,"minorRevision":0},"minClientVersion":{"major":3,"minor":20022,"build":21,"revision":0,"majorRevision":0,"minorRevision":0},"backgroundColor":"rgba(0, 176, 240, 1)","backgroundImageUri":"/3871500716668884842/N88ca24a0-db0b-4108-81cc-f9a5ad33d469-logoSmallFile","displayName":"My Translator","description":"","commitMessage":"","appUris":{"documentUri":{"value":"/3871500716668884842/Ncc276c66-0cac-4749-aec6-01ae07fdf46a-document.msapp","readonlyValue":"/3871500716668884842/Ncc276c66-0cac-4749-aec6-01ae07fdf46a-document.msapp"},"imageUris":[]},"createdTime":"0001-01-01T00:00:00Z","lastModifiedTime":"0001-01-01T00:00:00Z","sharedGroupsCount":0,"sharedUsersCount":0,"icons":{"smallIconUri":"/3871500716668884842/Nc90c3103-29a5-4d5e-a6bf-11e00ba42988-small.png","mediumIconUri":"/3871500716668884842/N410a01a4-b2b2-4c3e-b768-24eada5bf5e4-medium.png","largeIconUri":"/3871500716668884842/Nef8bc891-c2b9-4bef-a1e3-a1581f25eaf6-large.png","wideIconUri":"/3871500716668884842/N1a5da9dc-8321-44c5-9069-139f654db338-wide.png"},"connectionReferences":{"ef8099ba-b38f-4196-abcc-380e14d5bdf7":{"id":"9c089127-cc2d-407a-8396-ad2ebbe91156","displayName":"Microsoft Translator","iconUri":"https://connectoricons-prod.azureedge.net/microsofttranslator/icon_1.0.1303.1871.png","dataSources":["MicrosoftTranslator"],"dependencies":[],"dependents":[],"parameterHints":{},"isOnPremiseConnection":false,"sharedConnectionId":"84abf652-d056-47ef-9944-5fb61ac37ccb","dataSets":{},"apiTier":"Standard","isCustomApiConnection":false}},"databaseReferences":{},"almMode":"Environment","performanceOptimizationEnabled":false,"canConsumeAppPass":true},"isAppComponentLibrary":false,"appComponents":[]}}