{"schemaVersion":"1.0","appDefinitionTemplate":{"id":"/providers/Microsoft.PowerApps/apps/","type":"Microsoft.PowerApps/apps","tags":{"primaryDeviceWidth":"1366","primaryDeviceHeight":"768","sienaVersion":"20200314T224859Z-3.20022.19.0","deviceCapabilities":"","supportsPortrait":"false","supportsLandscape":"true","primaryFormFactor":"Tablet","publisherVersion":"3.20022.19","minimumRequiredApiVersion":"2.2.0","hasComponent":"false","hasUnlockedComponent":"false"},"properties":{"appVersion":"2020-03-14T22:48:59Z","lifeCycleId":"Published","createdByClientVersion":{"major":3,"minor":20022,"build":19,"revision":0,"majorRevision":0,"minorRevision":0},"minClientVersion":{"major":3,"minor":20022,"build":19,"revision":0,"majorRevision":0,"minorRevision":0},"backgroundColor":"rgba(0, 176, 240, 1)","backgroundImageUri":"/2130586001308523199/N9d1c1f77-3697-4660-807e-5865a6ba06c2-logoSmallFile","displayName":"Class app","description":"","commitMessage":"","appUris":{"documentUri":{"value":"/2130586001308523199/N5c2c8b65-fc1e-4d01-90a6-7de44a3159ef-document.msapp","readonlyValue":"/2130586001308523199/N5c2c8b65-fc1e-4d01-90a6-7de44a3159ef-document.msapp"},"imageUris":[]},"createdTime":"0001-01-01T00:00:00Z","lastModifiedTime":"0001-01-01T00:00:00Z","sharedGroupsCount":0,"sharedUsersCount":0,"icons":{"smallIconUri":"/2130586001308523199/N667779d4-28b0-498b-835e-59dd276b3d79-small.png","mediumIconUri":"/2130586001308523199/N47a5f9f7-ef94-4f97-9366-1abee0025045-medium.png","largeIconUri":"/2130586001308523199/N3503435d-f3bd-48a8-abf1-d01a6601ae63-large.png","wideIconUri":"/2130586001308523199/N430727cf-1680-4bc6-9354-32e4f1c0e8a5-wide.png"},"connectionReferences":{},"databaseReferences":{},"almMode":"Environment","performanceOptimizationEnabled":false,"canConsumeAppPass":true},"isAppComponentLibrary":false,"appComponents":[]}}