{"schemaVersion":"1.0","appDefinitionTemplate":{"id":"/providers/Microsoft.PowerApps/apps/","type":"Microsoft.PowerApps/apps","tags":{"sp-site-id":"https://onlcbi20.sharepoint.com/sites/CKDemo","sp-list-id":"6ce4d9af-e08a-4b95-99a6-dbb7dbc5773d","https://onlcbi20.sharepoint.com/sites/CKDemo":"6ce4d9af-e08a-4b95-99a6-dbb7dbc5773d","primaryDeviceWidth":"640","primaryDeviceHeight":"1136","sienaVersion":"20200314T221058Z-3.20022.19.0","deviceCapabilities":"","supportsPortrait":"true","supportsLandscape":"false","primaryFormFactor":"Phone","publisherVersion":"3.20022.19","minimumRequiredApiVersion":"2.2.0","hasComponent":"false","hasUnlockedComponent":"false"},"properties":{"appVersion":"2020-03-14T22:10:58Z","lifeCycleId":"Published","createdByClientVersion":{"major":3,"minor":20022,"build":19,"revision":0,"majorRevision":0,"minorRevision":0},"minClientVersion":{"major":3,"minor":20022,"build":19,"revision":0,"majorRevision":0,"minorRevision":0},"backgroundColor":"rgba(0, 176, 240, 1)","backgroundImageUri":"/18241074500140255145/Nb24faf20-d0b2-4128-9a2d-0c79b23ab03b-logoSmallFile","displayName":"Expense Claims","description":"","commitMessage":"","appUris":{"documentUri":{"value":"/18241074500140255145/Nd3242ed9-b9d3-4d3b-9755-e6fbe59caa7b-document.msapp","readonlyValue":"/18241074500140255145/Nd3242ed9-b9d3-4d3b-9755-e6fbe59caa7b-document.msapp"},"imageUris":[]},"createdTime":"0001-01-01T00:00:00Z","lastModifiedTime":"0001-01-01T00:00:00Z","sharedGroupsCount":0,"sharedUsersCount":0,"icons":{"smallIconUri":"/18241074500140255145/N06eb043a-f209-450d-a55d-fa1789349f14-small.png","mediumIconUri":"/18241074500140255145/Nf81132e4-59f1-4ac0-963e-6a95e5c1e399-medium.png","largeIconUri":"/18241074500140255145/Nd23e4ffb-5cc7-4caf-ace3-234885224ae9-large.png","wideIconUri":"/18241074500140255145/N858b1ce9-474f-4ee7-8d44-a4b984fa75e0-wide.png"},"connectionReferences":{"af7c7f45-7292-4ff1-a1b5-f8d6333908e4":{"id":"51ffb504-fda5-47a4-835c-cd1a321962a6","displayName":"SharePoint","iconUri":"https://connectoricons-prod.azureedge.net/sharepointonline/icon_1.0.1312.1916.png","dataSources":["ExpenseClaims"],"dependencies":[],"dependents":[],"parameterHints":{},"isOnPremiseConnection":false,"bypassConsent":false,"dataSets":{"https://onlcbi20.sharepoint.com/sites/CKDemo":{"dataSources":{"ExpenseClaims":{"tableName":"6ce4d9af-e08a-4b95-99a6-dbb7dbc5773d"}}}},"apiTier":"Standard","isCustomApiConnection":false}},"databaseReferences":{},"almMode":"Environment","performanceOptimizationEnabled":false,"canConsumeAppPass":true},"isAppComponentLibrary":false,"appComponents":[]}}